{
  "random": {
    "labels": [
      100,
      150,
      200,
      250,
      300,
      350,
      400,
      450,
      500,
      550,
      600,
      650,
      700,
      750,
      800,
      850,
      900,
      950,
      1000
    ],
    "mean": [
      0.17503333333333335,
      0.1741,
      0.17673333333333333,
      0.1777,
      0.1931333333333333,
      0.19036666666666666,
      0.23686666666666667,
      0.2391,
      0.2358,
      0.2623,
      0.28753333333333336,
      0.3071,
      0.31466666666666665,
      0.3107666666666667,
      0.32980000000000004,
      0.3598333333333333,
      0.3523,
      0.3788,
      0.3569333333333333
    ],
    "ci": [
      0.04268802207229148,
      0.0315568115837664,
      0.044699221787906376,
      0.009703484734877461,
      0.03314744469454287,
      0.026941822193591716,
      0.03974780345014188,
      0.039346725403774076,
      0.040618054376512586,
      0.059560247458630776,
      0.04258545744474018,
      0.0414341094912553,
      0.03971347810392725,
      0.021705125702878962,
      0.011146755103317458,
      0.03405389934272496,
      0.03852800339147275,
      0.010766330727473197,
      0.026719416394158854
    ]
  },
  "uncertainty": {
    "labels": [
      100,
      150,
      200,
      250,
      300,
      350,
      400,
      450,
      500,
      550,
      600,
      650,
      700,
      750,
      800,
      850,
      900,
      950,
      1000
    ],
    "mean": [
      0.17503333333333335,
      0.1612,
      0.16296666666666668,
      0.19140000000000001,
      0.21063333333333334,
      0.19626666666666667,
      0.22873333333333332,
      0.24086666666666665,
      0.2619666666666667,
      0.26156666666666667,
      0.30316666666666664,
      0.3088,
      0.28256666666666663,
      0.3184666666666667,
      0.33243333333333336,
      0.33616666666666667,
      0.32156666666666667,
      0.3439666666666667,
      0.3712666666666667
    ],
    "ci": [
      0.04268802207229148,
      0.043810421104268485,
      0.04012886936414289,
      0.038750543325223194,
      0.04550582745588134,
      0.0359310168950325,
      0.03129098377772386,
      0.02742047082827798,
      0.021303475939646835,
      0.023725537109012103,
      0.0983834967551864,
      0.06125587971778709,
      0.0484433780453474,
      0.020652465012949674,
      0.032300842286919436,
      0.03811756300942885,
      0.0541774081493179,
      0.05002882669466119,
      0.04422169086671283
    ]
  },
  "diversity": {
    "labels": [
      100,
      150,
      200,
      250,
      300,
      350,
      400,
      450,
      500,
      550,
      600,
      650,
      700,
      750,
      800,
      850,
      900,
      950,
      1000
    ],
    "mean": [
      0.17503333333333335,
      0.17056666666666664,
      0.18203333333333335,
      0.20166666666666666,
      0.23679999999999998,
      0.24549999999999997,
      0.2583666666666667,
      0.2584,
      0.2427,
      0.2999,
      0.32880000000000004,
      0.307,
      0.3332,
      0.3564,
      0.3611,
      0.35119999999999996,
      0.34800000000000003,
      0.35023333333333334,
      0.3706666666666667
    ],
    "ci": [
      0.04268802207229148,
      0.035326670365477576,
      0.024703603767691686,
      0.03102219028014911,
      0.05057825477416162,
      0.07141002073472136,
      0.047253256414534844,
      0.03340195020254556,
      0.037295663662147115,
      0.06118601831573399,
      0.03634959022235783,
      0.05374261385530108,
      0.010491646454838906,
      0.03273512959090482,
      0.02893263633569075,
      0.04339545051423402,
      0.01803342023392493,
      0.022550034481373025,
      0.038500296402899425
    ]
  }
}