{
  "random": {
    "labels": [
      100,
      150,
      200,
      250,
      300,
      350,
      400,
      450,
      500,
      550,
      600,
      650,
      700,
      750,
      800,
      850,
      900,
      950,
      1000
    ],
    "mean": [
      0.17503333333333335,
      0.1728333333333333,
      0.168,
      0.15676666666666667,
      0.18583333333333332,
      0.20223333333333335,
      0.2419,
      0.24283333333333335,
      0.26803333333333335,
      0.2915666666666667,
      0.3431666666666667,
      0.3403333333333333,
      0.32846666666666663,
      0.34400000000000003,
      0.33676666666666666,
      0.3373333333333333,
      0.36866666666666664,
      0.3768666666666666,
      0.3719333333333334
    ],
    "ci": [
      0.04268802207229148,
      0.036458341621332394,
      0.05333469369931733,
      0.032660590101493546,
      0.041802919536532104,
      0.011423248885982961,
      0.03706127992033375,
      0.032754943389425126,
      0.05695582987231813,
      0.04124846788804536,
      0.019947220001237716,
      0.009034681129464997,
      0.01756519199376363,
      0.04154660656820641,
      0.031580000534796995,
      0.028207737598829937,
      0.03167716833585002,
      0.012800832542369203,
      0.04368826859060046
    ]
  },
  "uncertainty": {
    "labels": [
      100,
      150,
      200,
      250,
      300,
      350,
      400,
      450,
      500,
      550,
      600,
      650,
      700,
      750,
      800,
      850,
      900,
      950,
      1000
    ],
    "mean": [
      0.17503333333333335,
      0.16503333333333334,
      0.15926666666666667,
      0.18466666666666665,
      0.21433333333333335,
      0.22643333333333335,
      0.23696666666666666,
      0.24606666666666668,
      0.2576333333333333,
      0.2482,
      0.3174666666666666,
      0.31939999999999996,
      0.29833333333333334,
      0.3217,
      0.3497666666666667,
      0.3274333333333333,
      0.32106666666666667,
      0.35873333333333335,
      0.3411666666666666
    ],
    "ci": [
      0.04268802207229148,
      0.05212339028796105,
      0.05724199303929863,
      0.04393670309787833,
      0.05377933483328992,
      0.06619988456518971,
      0.03151485239974604,
      0.03164865623968541,
      0.050396695200291775,
      0.10257549721709046,
      0.08468177927065801,
      0.011223460428940804,
      0.05674195298405269,
      0.016985787156718217,
      0.03241224791820386,
      0.04645273510904511,
      0.016926629801719068,
      0.01856398123008939,
      0.07046105346296713
    ]
  },
  "diversity": {
    "labels": [
      100,
      150,
      200,
      250,
      300,
      350,
      400,
      450,
      500,
      550,
      600,
      650,
      700,
      750,
      800,
      850,
      900,
      950,
      1000
    ],
    "mean": [
      0.17503333333333335,
      0.18323333333333333,
      0.17176666666666665,
      0.17426666666666668,
      0.20476666666666668,
      0.21620000000000003,
      0.24206666666666665,
      0.2608666666666667,
      0.26206666666666667,
      0.3026333333333333,
      0.2973666666666666,
      0.3092,
      0.31516666666666665,
      0.33433333333333337,
      0.35283333333333333,
      0.3691333333333333,
      0.3282,
      0.3724,
      0.38376666666666664
    ],
    "ci": [
      0.04268802207229148,
      0.047802351202053284,
      0.06140780755282218,
      0.03967347502355251,
      0.04171721347890393,
      0.048885925881927764,
      0.020989496336130717,
      0.028380622528604113,
      0.026960114869521188,
      0.061139155346180925,
      0.07460242803317091,
      0.027999201988628177,
      0.027207156542187756,
      0.031463003063563075,
      0.035480932744848245,
      0.014123489150269406,
      0.05646716572782217,
      0.03870805649129562,
      0.019194106086099543
    ]
  }
}