{
  "random": {
    "labels": [
      100,
      200,
      300,
      400,
      500,
      600,
      700,
      800,
      900,
      1000,
      1100,
      1200,
      1300,
      1400,
      1500,
      1600,
      1700,
      1800,
      1900,
      2000
    ],
    "mean": [
      0.18872,
      0.26036,
      0.32886000000000004,
      0.35096,
      0.36944,
      0.3916,
      0.40058000000000005,
      0.40937999999999997,
      0.40092,
      0.42132,
      0.43393999999999994,
      0.44553999999999994,
      0.46798,
      0.43439999999999995,
      0.4542400000000001,
      0.48057999999999995,
      0.47759999999999997,
      0.47008,
      0.50708,
      0.51266
    ],
    "ci": [
      0.03494974042593163,
      0.014842597433064073,
      0.017065804527182423,
      0.024224727816014764,
      0.03270068370172098,
      0.008716602824495332,
      0.025258567984745284,
      0.020246183340076714,
      0.015067467333297927,
      0.016468012844299103,
      0.003713462987562956,
      0.030561208473488092,
      0.02129343134020442,
      0.039060247884518076,
      0.039891012854526516,
      0.018549450769227645,
      0.015759301964236857,
      0.020765032199348978,
      0.01961630042184304,
      0.007590186991108964
    ]
  },
  "uncertainty": {
    "labels": [
      100,
      200,
      300,
      400,
      500,
      600,
      700,
      800,
      900,
      1000,
      1100,
      1200,
      1300,
      1400,
      1500,
      1600,
      1700,
      1800,
      1900,
      2000
    ],
    "mean": [
      0.18872,
      0.21538000000000004,
      0.26498000000000005,
      0.31544000000000005,
      0.3681,
      0.36284,
      0.35015999999999997,
      0.37940000000000007,
      0.3706,
      0.37536,
      0.39371999999999996,
      0.42102000000000006,
      0.42132000000000003,
      0.42096,
      0.4400799999999999,
      0.44593999999999995,
      0.44977999999999996,
      0.44168,
      0.47664,
      0.44627999999999995
    ],
    "ci": [
      0.03494974042593163,
      0.038067035028223575,
      0.05109609105049035,
      0.030166278434039552,
      0.027506070457264522,
      0.026011319431355266,
      0.04253925228491915,
      0.03044467438485753,
      0.013904953362021761,
      0.031645691665059233,
      0.019944134070949273,
      0.02180867964458188,
      0.0310758231787993,
      0.023217571297618533,
      0.034335396136348846,
      0.030840249664359075,
      0.029682088832155996,
      0.011001240977271606,
      0.02714777597078625,
      0.05466968099266722
    ]
  },
  "diversity": {
    "labels": [
      100,
      200,
      300,
      400,
      500,
      600,
      700,
      800,
      900,
      1000,
      1100,
      1200,
      1300,
      1400,
      1500,
      1600,
      1700,
      1800,
      1900,
      2000
    ],
    "mean": [
      0.18872,
      0.25434,
      0.28981999999999997,
      0.33988,
      0.37416,
      0.38914,
      0.39632,
      0.41258000000000006,
      0.39940000000000003,
      0.42586,
      0.40946,
      0.4407,
      0.4299799999999999,
      0.45952000000000004,
      0.4577,
      0.44352,
      0.46976000000000007,
      0.4617,
      0.48550000000000004,
      0.48172000000000004
    ],
    "ci": [
      0.03494974042593163,
      0.02898995709137907,
      0.02584499135693413,
      0.015774456993506953,
      0.011034399637497274,
      0.011402181026452799,
      0.02123462588886369,
      0.01297371955300406,
      0.018646286708082126,
      0.009934435512901569,
      0.0153462618041007,
      0.013448085484558765,
      0.03495825802067374,
      0.01662091556563597,
      0.019993345052791937,
      0.030042868235905837,
      0.01742886399510879,
      0.015526862194274788,
      0.021974038936890962,
      0.011285652087495872
    ]
  }
}