{
  "random": {
    "labels": [
      100,
      200,
      300,
      400,
      500,
      600,
      700,
      800,
      900,
      1000,
      1100,
      1200,
      1300,
      1400,
      1500,
      1600,
      1700,
      1800,
      1900,
      2000
    ],
    "mean": [
      0.14754,
      0.23573999999999998,
      0.27754,
      0.31676000000000004,
      0.34866,
      0.3666,
      0.38304,
      0.38674,
      0.3811,
      0.41342,
      0.41674000000000005,
      0.42428,
      0.43710000000000004,
      0.4540400000000001,
      0.44139999999999996,
      0.46255999999999997,
      0.44108,
      0.45118,
      0.45496,
      0.46699999999999997
    ],
    "ci": [
      0.025842181907880766,
      0.029813371807965623,
      0.05502748781618147,
      0.025459381503877897,
      0.025261548791790264,
      0.016326811764701646,
      0.013882778373221988,
      0.026178997371175235,
      0.009744571247622952,
      0.019603468893030135,
      0.017955418685176913,
      0.023374871581251514,
      0.013589317628196066,
      0.011844077446555312,
      0.022361444067859306,
      0.007855322027772007,
      0.021159051071350066,
      0.02697086770276404,
      0.020180919923531722,
      0.015784024936624997
    ]
  },
  "uncertainty": {
    "labels": [
      100,
      200,
      300,
      400,
      500,
      600,
      700,
      800,
      900,
      1000,
      1100,
      1200,
      1300,
      1400,
      1500,
      1600,
      1700,
      1800,
      1900,
      2000
    ],
    "mean": [
      0.14754,
      0.22766000000000003,
      0.25642,
      0.30301999999999996,
      0.34868,
      0.35592,
      0.35266,
      0.38039999999999996,
      0.3566,
      0.40358,
      0.38171999999999995,
      0.40553999999999996,
      0.40058,
      0.42156000000000005,
      0.40166,
      0.42588,
      0.42328,
      0.42756,
      0.43322000000000005,
      0.45316
    ],
    "ci": [
      0.025842181907880766,
      0.02241280354083354,
      0.023121969722322524,
      0.007439587881058996,
      0.026963032630622243,
      0.012012961360130985,
      0.018197478533027604,
      0.011072352089777493,
      0.016188935579586432,
      0.024219319574257245,
      0.01958749120842176,
      0.01695027219132484,
      0.018557318918421384,
      0.02284174615391739,
      0.025217561392014094,
      0.03337445503135594,
      0.02607222913062862,
      0.017002432324817525,
      0.017269079391791557,
      0.007589680847044892
    ]
  },
  "diversity": {
    "labels": [
      100,
      200,
      300,
      400,
      500,
      600,
      700,
      800,
      900,
      1000,
      1100,
      1200,
      1300,
      1400,
      1500,
      1600,
      1700,
      1800,
      1900,
      2000
    ],
    "mean": [
      0.14754,
      0.22878000000000004,
      0.28300000000000003,
      0.3442,
      0.37422,
      0.39113999999999993,
      0.39198,
      0.39952000000000004,
      0.3843,
      0.40625999999999995,
      0.41617999999999994,
      0.41828000000000004,
      0.44352,
      0.4495,
      0.4295,
      0.44652000000000003,
      0.45782,
      0.45255999999999996,
      0.4727,
      0.46921999999999997
    ],
    "ci": [
      0.025842181907880766,
      0.018611580412205737,
      0.02646733083633482,
      0.019167657634672007,
      0.019015879191875397,
      0.010174760034516788,
      0.022939821913868473,
      0.020184231881347384,
      0.02952367719644692,
      0.009436662172611682,
      0.01595389434088116,
      0.043365698728834064,
      0.018386471565800762,
      0.01415386013778574,
      0.013475338541201845,
      0.0181783422522517,
      0.009867271509389012,
      0.014830168743476936,
      0.01131431115004357,
      0.014720422080905148
    ]
  }
}