{
  "random": {
    "labels": [
      100,
      200,
      300,
      400,
      500,
      600,
      700,
      800,
      900,
      1000,
      1100,
      1200,
      1300,
      1400,
      1500,
      1600,
      1700,
      1800,
      1900,
      2000
    ],
    "mean": [
      0.14754,
      0.24020000000000002,
      0.26742,
      0.34819999999999995,
      0.37484,
      0.39196,
      0.40494,
      0.39364,
      0.38381999999999994,
      0.43351999999999996,
      0.43862000000000007,
      0.43834,
      0.43006,
      0.4589,
      0.46734,
      0.47084000000000004,
      0.4642799999999999,
      0.4816599999999999,
      0.47942,
      0.47686
    ],
    "ci": [
      0.025842181907880766,
      0.014620732950163614,
      0.04989235342454793,
      0.026033935637932267,
      0.022270516710664802,
      0.022113855804902056,
      0.020271612095736254,
      0.02323956717669242,
      0.02620443035518994,
      0.013489499762407795,
      0.018918762302011196,
      0.009856403287203712,
      0.021280636253646172,
      0.008685918627295565,
      0.016637918071681922,
      0.018814734124084753,
      0.011558583816367821,
      0.02310661282317249,
      0.016301545173387718,
      0.01624266557434464
    ]
  },
  "uncertainty": {
    "labels": [
      100,
      200,
      300,
      400,
      500,
      600,
      700,
      800,
      900,
      1000,
      1100,
      1200,
      1300,
      1400,
      1500,
      1600,
      1700,
      1800,
      1900,
      2000
    ],
    "mean": [
      0.14754,
      0.22471999999999998,
      0.25402,
      0.30842,
      0.34744,
      0.34922,
      0.35932,
      0.37726000000000004,
      0.35966000000000004,
      0.41600000000000004,
      0.37942,
      0.43113999999999997,
      0.41513999999999995,
      0.40564,
      0.44096,
      0.44664000000000004,
      0.44941999999999993,
      0.4486,
      0.4428599999999999,
      0.45876
    ],
    "ci": [
      0.025842181907880766,
      0.0291606505112626,
      0.03245817994650963,
      0.014887925706423973,
      0.030289870692361838,
      0.029974635714884016,
      0.018815938749900316,
      0.013841763679531594,
      0.010427052630537545,
      0.015995929732278764,
      0.01842206074900418,
      0.014776190285726569,
      0.02807207220281396,
      0.037531088033255854,
      0.012210752808897572,
      0.03024875054874167,
      0.019908853765096567,
      0.020577479845695395,
      0.017288666604455077,
      0.02882317116765606
    ]
  },
  "diversity": {
    "labels": [
      100,
      200,
      300,
      400,
      500,
      600,
      700,
      800,
      900,
      1000,
      1100,
      1200,
      1300,
      1400,
      1500,
      1600,
      1700,
      1800,
      1900,
      2000
    ],
    "mean": [
      0.14754,
      0.22366000000000003,
      0.29206,
      0.35953999999999997,
      0.38106,
      0.3748,
      0.39805999999999997,
      0.40324,
      0.39042,
      0.41983999999999994,
      0.42869999999999997,
      0.42208000000000007,
      0.43516000000000005,
      0.43987999999999994,
      0.44467999999999996,
      0.44996,
      0.45864000000000005,
      0.46765999999999996,
      0.45620000000000005,
      0.47964
    ],
    "ci": [
      0.025842181907880766,
      0.014788534456125125,
      0.0074574329738858565,
      0.00733616244094963,
      0.01443771176329545,
      0.00847504543940621,
      0.018105838819563142,
      0.015679828499062087,
      0.02128684526744158,
      0.014068595472185554,
      0.024542847332777003,
      0.029568300415140525,
      0.012631983318545032,
      0.01846174346696433,
      0.02214421843822896,
      0.021842491857844426,
      0.01384772943698714,
      0.019340900231374945,
      0.015516838595538733,
      0.013500487967477302
    ]
  }
}