{
  "random": {
    "labels": [
      100,
      200,
      300,
      400,
      500,
      600,
      700,
      800,
      900,
      1000,
      1100,
      1200,
      1300,
      1400,
      1500,
      1600,
      1700,
      1800,
      1900,
      2000
    ],
    "mean": [
      0.14754,
      0.24495999999999998,
      0.29134000000000004,
      0.35219999999999996,
      0.37601999999999997,
      0.40702,
      0.41958,
      0.42026,
      0.40914,
      0.43208,
      0.4260400000000001,
      0.44921999999999995,
      0.45006,
      0.47594000000000003,
      0.47919999999999996,
      0.48346,
      0.4928800000000001,
      0.48022,
      0.51544,
      0.5112
    ],
    "ci": [
      0.025842181907880766,
      0.022838466344306047,
      0.07165159537205015,
      0.010883560740860495,
      0.015370874348585379,
      0.011118297596304937,
      0.012809226074982038,
      0.01342687267236865,
      0.013938700920817539,
      0.0224391668080613,
      0.02321508925160528,
      0.027424833808794555,
      0.02178023047077327,
      0.016102399056041307,
      0.02268415295310806,
      0.021252185190233946,
      0.01445590024315331,
      0.02287189833485625,
      0.008046653426114499,
      0.010805627718924992
    ]
  },
  "uncertainty": {
    "labels": [
      100,
      200,
      300,
      400,
      500,
      600,
      700,
      800,
      900,
      1000,
      1100,
      1200,
      1300,
      1400,
      1500,
      1600,
      1700,
      1800,
      1900,
      2000
    ],
    "mean": [
      0.14754,
      0.20194,
      0.24377999999999997,
      0.32015999999999994,
      0.3558,
      0.37522,
      0.38688,
      0.40712000000000004,
      0.37176,
      0.40664,
      0.40956000000000004,
      0.43318,
      0.42347999999999997,
      0.43754,
      0.4532,
      0.45409999999999995,
      0.46154,
      0.44109999999999994,
      0.48682,
      0.48222
    ],
    "ci": [
      0.025842181907880766,
      0.049694585372654025,
      0.07834682676815952,
      0.006690637350805976,
      0.020038735568892553,
      0.010889630179211778,
      0.015635886947659862,
      0.023085555289834372,
      0.013879042191736427,
      0.041315693533571465,
      0.015100728385081292,
      0.007170600465790859,
      0.019307482379637187,
      0.017860063766963426,
      0.013958860755806683,
      0.02633265653138703,
      0.021632096545642535,
      0.0314356749442413,
      0.027923940535676556,
      0.032488819526723334
    ]
  },
  "diversity": {
    "labels": [
      100,
      200,
      300,
      400,
      500,
      600,
      700,
      800,
      900,
      1000,
      1100,
      1200,
      1300,
      1400,
      1500,
      1600,
      1700,
      1800,
      1900,
      2000
    ],
    "mean": [
      0.14754,
      0.25778,
      0.32292,
      0.35894000000000004,
      0.36368000000000006,
      0.38655999999999996,
      0.40458,
      0.42347999999999997,
      0.38552,
      0.43238000000000004,
      0.4298,
      0.44956000000000007,
      0.45583999999999997,
      0.4649000000000001,
      0.46396,
      0.47450000000000003,
      0.49217999999999995,
      0.48613999999999996,
      0.49795999999999996,
      0.50736
    ],
    "ci": [
      0.025842181907880766,
      0.027356460835422407,
      0.015283023805517021,
      0.022660736461112652,
      0.020122185145753924,
      0.010231800748646352,
      0.02205513024763171,
      0.020102798069920495,
      0.02786547930038169,
      0.01540495164030059,
      0.02167577460668936,
      0.022668787549403713,
      0.02111726958107985,
      0.01528561263410794,
      0.02401304780655715,
      0.035479410885751746,
      0.02042856014113573,
      0.02518799042718572,
      0.022574622799949498,
      0.013082996329587487
    ]
  }
}