{
  "random": {
    "labels": [
      100,
      200,
      300,
      400,
      500,
      600,
      700,
      800,
      900,
      1000,
      1100,
      1200,
      1300,
      1400,
      1500,
      1600,
      1700,
      1800,
      1900,
      2000
    ],
    "mean": [
      0.14754,
      0.23293999999999998,
      0.30802,
      0.34918,
      0.36068,
      0.38595999999999997,
      0.4133800000000001,
      0.41222000000000003,
      0.37792,
      0.43112000000000006,
      0.42855999999999994,
      0.44406,
      0.45346000000000003,
      0.46751999999999994,
      0.47291999999999995,
      0.49013999999999996,
      0.48068,
      0.47989999999999994,
      0.5056200000000001,
      0.48754
    ],
    "ci": [
      0.025842181907880766,
      0.02594055372115253,
      0.04238834319762923,
      0.01993902903954955,
      0.021065249883160646,
      0.0145650025252315,
      0.016807888547940818,
      0.014601592209070908,
      0.013339150041887973,
      0.022845176835384753,
      0.018371024689983962,
      0.024226155009823575,
      0.01963335042625176,
      0.02127691719775211,
      0.024048920454773,
      0.01200563598315392,
      0.016777806073500774,
      0.01829038142849951,
      0.013527891034451739,
      0.015138332515835429
    ]
  },
  "uncertainty": {
    "labels": [
      100,
      200,
      300,
      400,
      500,
      600,
      700,
      800,
      900,
      1000,
      1100,
      1200,
      1300,
      1400,
      1500,
      1600,
      1700,
      1800,
      1900,
      2000
    ],
    "mean": [
      0.14754,
      0.21094,
      0.27866,
      0.31546,
      0.35004,
      0.33768000000000004,
      0.37742,
      0.3783,
      0.38034,
      0.42148,
      0.4041,
      0.414,
      0.41925999999999997,
      0.41315999999999997,
      0.4465,
      0.44593999999999995,
      0.45594,
      0.45232,
      0.48392,
      0.4686
    ],
    "ci": [
      0.025842181907880766,
      0.037423971261211705,
      0.019414054768646348,
      0.030802483499873832,
      0.03946841444193064,
      0.018509644768066172,
      0.016514602236808496,
      0.01877215516662911,
      0.01300435998271348,
      0.01838929198854595,
      0.029609301646610985,
      0.011951822220900039,
      0.021430124091101278,
      0.039070553671019304,
      0.012265591677534354,
      0.03041536058244255,
      0.017577670771749026,
      0.020505141185566126,
      0.009580651618757456,
      0.025092440232069878
    ]
  },
  "diversity": {
    "labels": [
      100,
      200,
      300,
      400,
      500,
      600,
      700,
      800,
      900,
      1000,
      1100,
      1200,
      1300,
      1400,
      1500,
      1600,
      1700,
      1800,
      1900,
      2000
    ],
    "mean": [
      0.14754,
      0.24525999999999998,
      0.27432,
      0.32802,
      0.39288,
      0.40184,
      0.39918,
      0.39306,
      0.39626,
      0.43396,
      0.44256,
      0.43145999999999995,
      0.42858,
      0.4535,
      0.46776,
      0.46786000000000005,
      0.46378,
      0.47786,
      0.47294,
      0.4782
    ],
    "ci": [
      0.025842181907880766,
      0.03583175917757877,
      0.029805948839786992,
      0.02034281724442315,
      0.010771515206320801,
      0.007677748065676548,
      0.016337561159487674,
      0.03089612849792025,
      0.013866303940127663,
      0.009114231825008623,
      0.01697518422168078,
      0.017622852554566745,
      0.02211392529244864,
      0.010771087224602719,
      0.013563936396194137,
      0.009360841808299082,
      0.017661916607208842,
      0.012940839700730386,
      0.0065175820792683446,
      0.020034421658735233
    ]
  }
}