{
  "random": {
    "labels": [
      50,
      100,
      150,
      200,
      250,
      300,
      350,
      400,
      450,
      500
    ],
    "mean": [
      0.15996666666666667,
      0.16903333333333334,
      0.15886666666666668,
      0.15869999999999998,
      0.13783333333333334,
      0.1936,
      0.19510000000000002,
      0.23373333333333335,
      0.24963333333333335,
      0.2780666666666667
    ],
    "ci": [
      0.022525034645429026,
      0.04396350828180623,
      0.025355646980066954,
      0.039038129121838475,
      0.014401814206704803,
      0.028830882701251673,
      0.026462177688164668,
      0.003201333333333334,
      0.038349497994686246,
      0.022236668135711728
    ]
  },
  "uncertainty": {
    "labels": [
      50,
      100,
      150,
      200,
      250,
      300,
      350,
      400,
      450,
      500
    ],
    "mean": [
      0.15996666666666667,
      0.16163333333333332,
      0.16176666666666667,
      0.1628333333333333,
      0.16440000000000002,
      0.1821,
      0.22329999999999997,
      0.22513333333333332,
      0.23633333333333337,
      0.26730000000000004
    ],
    "ci": [
      0.022525034645429026,
      0.01700512586774287,
      0.015314919319989179,
      0.01837679294956307,
      0.02646387132173472,
      0.012824652094046573,
      0.04333388167858186,
      0.020984004871435872,
      0.02306655302476822,
      0.047196675193633436
    ]
  },
  "diversity": {
    "labels": [
      50,
      100,
      150,
      200,
      250,
      300,
      350,
      400,
      450,
      500
    ],
    "mean": [
      0.15996666666666667,
      0.16663333333333333,
      0.17916666666666667,
      0.1870666666666667,
      0.19673333333333332,
      0.19813333333333336,
      0.23666666666666666,
      0.2577,
      0.2861666666666667,
      0.28473333333333334
    ],
    "ci": [
      0.022525034645429026,
      0.023650937383349325,
      0.03505064833129973,
      0.03685361777507211,
      0.0351269209834534,
      0.0316656452607203,
      0.051919204222629516,
      0.03328481671873827,
      0.04322860363745798,
      0.0543996029560674
    ]
  }
}